"","tBodyAcc-mean()-X","tBodyAcc-mean()-Y","tBodyAcc-mean()-Z","tBodyAcc-std()-X","tBodyAcc-std()-Y","tBodyAcc-std()-Z","tGravityAcc-mean()-X","tGravityAcc-mean()-Y","tGravityAcc-mean()-Z","tGravityAcc-std()-X","tGravityAcc-std()-Y","tGravityAcc-std()-Z","tBodyAccJerk-mean()-X","tBodyAccJerk-mean()-Y","tBodyAccJerk-mean()-Z","tBodyAccJerk-std()-X","tBodyAccJerk-std()-Y","tBodyAccJerk-std()-Z","tBodyGyro-mean()-X","tBodyGyro-mean()-Y","tBodyGyro-mean()-Z","tBodyGyro-std()-X","tBodyGyro-std()-Y","tBodyGyro-std()-Z","tBodyGyroJerk-mean()-X","tBodyGyroJerk-mean()-Y","tBodyGyroJerk-mean()-Z","tBodyGyroJerk-std()-X","tBodyGyroJerk-std()-Y","tBodyGyroJerk-std()-Z","tBodyAccMag-mean()","tBodyAccMag-std()","tGravityAccMag-mean()","tGravityAccMag-std()","tBodyAccJerkMag-mean()","tBodyAccJerkMag-std()","tBodyGyroMag-mean()","tBodyGyroMag-std()","tBodyGyroJerkMag-mean()","tBodyGyroJerkMag-std()","fBodyAcc-mean()-X","fBodyAcc-mean()-Y","fBodyAcc-mean()-Z","fBodyAcc-std()-X","fBodyAcc-std()-Y","fBodyAcc-std()-Z","fBodyAcc-meanFreq()-X","fBodyAcc-meanFreq()-Y","fBodyAcc-meanFreq()-Z","fBodyAccJerk-mean()-X","fBodyAccJerk-mean()-Y","fBodyAccJerk-mean()-Z","fBodyAccJerk-std()-X","fBodyAccJerk-std()-Y","fBodyAccJerk-std()-Z","fBodyAccJerk-meanFreq()-X","fBodyAccJerk-meanFreq()-Y","fBodyAccJerk-meanFreq()-Z","fBodyGyro-mean()-X","fBodyGyro-mean()-Y","fBodyGyro-mean()-Z","fBodyGyro-std()-X","fBodyGyro-std()-Y","fBodyGyro-std()-Z","fBodyGyro-meanFreq()-X","fBodyGyro-meanFreq()-Y","fBodyGyro-meanFreq()-Z","fBodyAccMag-mean()","fBodyAccMag-std()","fBodyAccMag-meanFreq()","fBodyBodyAccJerkMag-mean()","fBodyBodyAccJerkMag-std()","fBodyBodyAccJerkMag-meanFreq()","fBodyBodyGyroMag-mean()","fBodyBodyGyroMag-std()","fBodyBodyGyroMag-meanFreq()","fBodyBodyGyroJerkMag-mean()","fBodyBodyGyroJerkMag-std()","fBodyBodyGyroJerkMag-meanFreq()"
"Subject1",0.27344241621902,-0.0181698325840922,-0.114118357700288,-0.654523702743804,-0.491829925619597,-0.631953672500288,0.695302010144092,-0.124846303042778,0.142501802176945,-0.965590234582133,-0.958414404899135,-0.942423001195965,0.0781286531491931,0.0062925058572536,-0.00156666070048991,-0.612066850470893,-0.551775559450144,-0.772566408962536,-0.0500750607123919,-0.0600183556567723,0.0878224110063401,-0.739020184583285,-0.753711137233429,-0.673575592676081,-0.0891578061855908,-0.0432216735628242,-0.0549969557907781,-0.709646244466859,-0.809315360466859,-0.71321676275072,-0.587399281278386,-0.601141655689914,-0.587399281278386,-0.601141655689914,-0.637570390840058,-0.571229597468011,-0.653559150108732,-0.710088151383285,-0.776441607060519,-0.770655832634006,-0.626360342685014,-0.496692193583026,-0.670902182223919,-0.667126076157349,-0.522757078673775,-0.640813625418444,-0.0866185715527954,0.0934254488342651,0.0726205586237925,-0.615393562553026,-0.566539506029971,-0.749329368853026,-0.644872918974928,-0.567347369883285,-0.794825445590778,0.110273209727769,-0.13247823692415,-0.071284830067147,-0.676007830798559,-0.753756348697406,-0.645068886010375,-0.760121903674352,-0.756991087550432,-0.716198218677233,-0.0217655557855908,-0.113031158016427,0.0277618939797983,-0.570057126823343,-0.683178566438329,0.16287969834611,-0.569004793767147,-0.577131431637464,0.203159676042363,-0.729889065351585,-0.749159197988473,0.00853529175178674,-0.780708572233429,-0.774400844798271,0.125255379804409
"Subject3",0.271626270513196,-0.0161167765256129,-0.107851619152493,-0.62767736486217,-0.543259041324311,-0.727693682697947,0.620749479530792,0.113594748781363,0.205120833540176,-0.957637517243402,-0.947210837662757,-0.946271592639296,0.0808702401592375,0.00534947733572727,-0.00641136503765396,-0.655234240829355,-0.613529039414956,-0.851036124545455,-0.0268880676766569,-0.0833980374891496,0.0976893045133138,-0.721531982692082,-0.805920909032258,-0.746504230791789,-0.107329442050147,-0.0389606285442815,-0.0586899950197067,-0.740356313636364,-0.906437129178886,-0.765911950577713,-0.589542861433724,-0.630034273797654,-0.589542861433724,-0.630034273797654,-0.678233748852287,-0.669649819615836,-0.676437375922581,-0.723048737956012,-0.829795734662757,-0.852034763049853,-0.65004130414956,-0.55823424,-0.769176461612903,-0.620386062895455,-0.566143658288592,-0.72759917228739,-0.213171936006569,0.0634888784246334,-0.000266961627835777,-0.673979304305865,-0.629942411530088,-0.83398502771261,-0.667344395722287,-0.622572180977419,-0.867034203255132,-0.0281453938665103,-0.186810318586804,-0.131538578690616,-0.665506240981232,-0.837860779178886,-0.711978170428152,-0.740660751064516,-0.79119963111437,-0.784294959002933,-0.119324555367584,-0.372306549474487,0.0157584802847507,-0.625326011037537,-0.692552331186803,0.0940517812590029,-0.658208340484164,-0.687610522530792,0.16225930834173,-0.759799509093842,-0.747441981671554,-0.117661619759326,-0.847259185865103,-0.869558651085044,0.14859410125
"Subject5",0.27348946760596,-0.0209144762946258,-0.103507622482119,-0.565236954062914,-0.571634478308609,-0.523443904442252,0.641336113708609,0.0143172936461589,-0.00776423557208609,-0.962350458311258,-0.944862576324503,-0.924293394410596,0.0830503338433775,0.00606267666539735,0.00226990015096027,-0.583541177671192,-0.670808880778146,-0.727747495483444,-0.0689784846635762,-0.0638055518817881,0.109121161754967,-0.681870468642384,-0.68164048586755,-0.590991849748146,-0.0893136161868874,-0.0425862875824503,-0.0526464544800662,-0.762131721125828,-0.777273953377483,-0.74307486486755,-0.514351495518695,-0.558553663022053,-0.514351495518695,-0.558553663022053,-0.625037958286755,-0.608307841072185,-0.559699267360596,-0.671112986324503,-0.765206576258278,-0.787623443576159,-0.586121316144702,-0.604837531450331,-0.604253974992152,-0.558703918124172,-0.583772427678808,-0.519724066156225,-0.24019263738543,-0.044563342513245,0.0356849859505629,-0.62496658113245,-0.691444683092715,-0.709081344215232,-0.579243720666424,-0.67174583036755,-0.745265608344371,-0.169977689216556,-0.251899048200033,-0.21746808285298,-0.644506650274834,-0.693418095129139,-0.612579276858609,-0.696182805344371,-0.679012558837748,-0.623678382512583,-0.160022642967219,-0.119518088255762,-0.130590854433642,-0.558350873602649,-0.629786118572848,0.0659843964887417,-0.609949841595695,-0.609400852778146,0.107220169273709,-0.705986592450331,-0.706047228791391,-0.0561372485907285,-0.788285879536424,-0.802153773642384,0.121211182149669
"Subject6",0.275042797273846,-0.0168093392016199,-0.108409086814154,-0.510128573575385,-0.486878513257231,-0.586052136814,0.707761599821538,-0.104693219396,0.137178353303314,-0.964313509076923,-0.959879794615385,-0.935392088553846,0.0807323294781538,0.0114880819608923,-0.0142456173754462,-0.501795241692308,-0.521211255673323,-0.723023045436923,-0.0287583938594154,-0.0875113831859477,0.0950050346958462,-0.670678473719077,-0.588571805529846,-0.569149346469538,-0.103478884724308,-0.0406704250256923,-0.0572158592798769,-0.690728511476923,-0.756803758338462,-0.670537021953846,-0.476163421094954,-0.528165792472542,-0.476163421094954,-0.528165792472542,-0.551206842685443,-0.503793238930462,-0.511925154331077,-0.612476400146215,-0.722216308369231,-0.757399880892308,-0.501889554318769,-0.478471901015077,-0.623615233151385,-0.514437150358769,-0.525029321116369,-0.600955628644308,-0.197610283783231,0.0840153581523077,0.108125515137115,-0.5207041284292,-0.537856933631938,-0.693578145957846,-0.527184561914892,-0.536422391397231,-0.751734223138461,-0.0621854216926462,-0.173797650838154,-0.042936092256,-0.612632741808954,-0.637432284753846,-0.542725780135692,-0.690927312132308,-0.567782878507692,-0.618184984308308,-0.0837842150995692,-0.134720990703692,-0.0864111322636923,-0.500827790827077,-0.618529071401538,0.110380753445708,-0.491104087880615,-0.525483496100831,0.151534576384646,-0.650943584433846,-0.65530880072,-0.0141511832658862,-0.756676325969231,-0.776057459384615,0.135256541977815
"Subject7",0.274661355746753,-0.0189336575037662,-0.10591141896461,-0.619517464190909,-0.531172222291558,-0.702619841277597,0.690698732659091,0.0134665297691558,0.0280333891303247,-0.970439121590909,-0.958708554642857,-0.943727790324675,0.0682110798957792,0.0067051429934513,-0.000902418027314934,-0.61811287462013,-0.593561324171396,-0.804593774090909,-0.0513731823616883,-0.0639810375404545,0.0917670294025,-0.738831345696753,-0.726128031681818,-0.706039378853896,-0.0762908096451299,-0.0431386198038961,-0.0567485422286688,-0.718599483438312,-0.794205683435065,-0.772200352704545,-0.584517068682792,-0.598248040973052,-0.584517068682792,-0.598248040973052,-0.654244834637662,-0.598953907935065,-0.645076604907792,-0.689379467346234,-0.774663163149351,-0.77221546325974,-0.620860360288312,-0.542460623327078,-0.73918927937987,-0.619994582287987,-0.556509218965909,-0.708001937056169,-0.186132599730097,0.00957984253051948,0.0383220877840909,-0.635824714149351,-0.615748851001299,-0.78974770238961,-0.634439897906169,-0.597426575325519,-0.818254191006494,-0.0144464253952597,-0.18774436794513,-0.0849311559109416,-0.674374050187987,-0.734739604707792,-0.690675436944805,-0.760527900574675,-0.725572490061688,-0.740603763344156,-0.104314003415909,-0.0867260801890584,-0.0549096960335682,-0.584901370133766,-0.669875143783117,0.0881445777928247,-0.595936499597078,-0.604924886245779,0.15810332608474,-0.716378855696753,-0.727150545678571,-0.00970767604295455,-0.775719040327922,-0.784206279542208,0.0798543888887987
"Subject8",0.277212987355872,-0.0173129889993594,-0.112126583736655,-0.609308177455872,-0.427114095887722,-0.593280702774733,0.79662178430605,-0.0724367804946619,0.0030012297327758,-0.971893412846975,-0.955191790747331,-0.946655334234875,0.0787695544633274,0.00295736709976868,-0.00934497702989324,-0.627036793166904,-0.556212647766548,-0.734322610903915,-0.0639877258154733,-0.0514578526530961,0.0957339757096441,-0.700405812572954,-0.649531801619217,-0.630762892405694,-0.0860395233661922,-0.0450164255843416,-0.0579610728192171,-0.711590773316726,-0.734834268793594,-0.69965777924911,-0.526419055781495,-0.584526325852313,-0.526419055781495,-0.584526325852313,-0.618714683724555,-0.599202294549004,-0.569988924809253,-0.634266752879004,-0.716226305359431,-0.724738348336299,-0.623595635861566,-0.473661351851957,-0.633723496819573,-0.604986802846975,-0.441120468221708,-0.606011981674199,-0.192113784352313,-0.0268630175214591,0.0421689278551601,-0.64779171192669,-0.589265680112456,-0.715479817801423,-0.639224512349512,-0.550178846741993,-0.75194458911032,-0.0393370347875445,-0.282406853267616,-0.137424368622883,-0.644880090959786,-0.65564269421032,-0.606661703754448,-0.719864952775801,-0.651579295495018,-0.675073530604982,-0.124288936483274,-0.137875735479359,-0.0339773463156584,-0.576727350956939,-0.654765165302491,0.0819559946380783,-0.595130748400712,-0.607806726995765,0.184013248851246,-0.653369766811388,-0.687955090309609,0.00879083701259786,-0.724080978554804,-0.745931821702847,0.141718105386868
"Subject11",0.276005002563291,-0.017585032585594,-0.107116447591772,-0.649339703924051,-0.576795688471519,-0.662065264050633,0.686894182278481,-0.0148555969746835,0.0846800249810127,-0.977928147341772,-0.967807126772152,-0.957131199683544,0.0776782943079114,0.0134997394815506,0.000595423043902532,-0.695723880316456,-0.696041578892405,-0.825455692436709,-0.0387737215738924,-0.067289404822943,0.0917925167278481,-0.779150579376582,-0.74598287636076,-0.711404392816456,-0.0939373679991139,-0.04512823735,-0.0572803152205063,-0.820933450221519,-0.867309617563291,-0.816017061329114,-0.610453469525316,-0.646522572870253,-0.610453469525316,-0.646522572870253,-0.718416928987342,-0.708350740303798,-0.676497291993671,-0.746358870721519,-0.839827080316456,-0.872832489208861,-0.672157245158228,-0.618103731075949,-0.72826295414557,-0.641438894841772,-0.583497269471519,-0.65516783239557,-0.241364751969851,0.00968799199367089,0.00448943688050949,-0.713434368006329,-0.708896042658228,-0.809341050348101,-0.704664734873418,-0.702920562310127,-0.840268331202532,-0.105690592629114,-0.230999912581551,-0.142278419216456,-0.759528067525316,-0.790324510506329,-0.722695288322785,-0.787962292610759,-0.725930851582278,-0.735107123955696,-0.113481123565981,-0.241969637835032,-0.0788364042958861,-0.65505768231962,-0.69736704636076,0.0863159916775317,-0.70518916268038,-0.71402120221519,0.18830052473368,-0.791482092563291,-0.762633337778481,-0.0427182749496835,-0.868258133607595,-0.888622463389241,0.203853910952627
"Subject14",0.268045770736842,-0.0171462740615789,-0.108408415956037,-0.633576439371517,-0.40107656671548,-0.653522559095975,0.608514634182662,-0.000833762430340558,0.110851738206099,-0.957622652414861,-0.953471307770898,-0.942059191504644,0.0807530551956656,0.00292636528563467,-0.00358347956459133,-0.652487041943344,-0.541936973371517,-0.756826982990712,-0.0302338943934675,-0.072218318429257,0.0854876918410526,-0.694967022678019,-0.605347694824458,-0.574849641952941,-0.0901715975058824,-0.044011081020743,-0.0543374018681115,-0.709100053348297,-0.701754644764706,-0.661428501276161,-0.547534145289399,-0.593395763650155,-0.547534145289399,-0.593395763650155,-0.63971830720805,-0.606138452085232,-0.551340390320743,-0.600952726176718,-0.703286404346749,-0.695428373549226,-0.638533389407121,-0.448840867086687,-0.678713757295356,-0.632954782675604,-0.415524032051393,-0.667479729195046,-0.21834558878483,0.00440885554043344,0.0907999054647059,-0.67335314028461,-0.57071513262291,-0.741841606473684,-0.662066879360991,-0.541639710922477,-0.770405413687307,-0.0738803721497833,-0.275040246694334,-0.160303840283282,-0.640927616231579,-0.618409078963065,-0.5575149794613,-0.713577149860681,-0.601450068731579,-0.620921839537152,-0.145519416910929,-0.188895541446811,-0.130460279952693,-0.578474479347059,-0.667902981595356,0.0709986922727245,-0.602188996809412,-0.614443452854675,0.101065554960248,-0.627068592708421,-0.653759978065016,-0.0622305828040867,-0.706774961471889,-0.702654896454489,0.0483838800800619
"Subject15",0.276386133210366,-0.017450182516,-0.107231086685976,-0.724585502324695,-0.633817569223476,-0.698902608801829,0.646358134298781,0.0935822681768293,0.114006858872317,-0.975394538445122,-0.963909573231707,-0.954973032987805,0.0750499286213415,0.00511400619349695,-0.00508265230731707,-0.770711755381098,-0.732050857875,-0.790041672667683,-0.0184176244786585,-0.0847859862585366,0.0862364582993903,-0.814831818628049,-0.770233790982896,-0.71160449565122,-0.107669109408262,-0.0377037274384146,-0.0561382803170732,-0.801479435281707,-0.816154333079268,-0.805574290966463,-0.672898095867988,-0.709705378898476,-0.672898095867988,-0.709705378898476,-0.755420622689024,-0.739424133384146,-0.710925530125,-0.770016908847561,-0.812174813780488,-0.819365248536585,-0.747257840718293,-0.667866461613232,-0.723055381952134,-0.716801927144573,-0.640487590673476,-0.709980424576219,-0.23128702035122,0.00337543667835366,0.0770756505150701,-0.784202826773781,-0.748454934476524,-0.77906603477439,-0.777756322459756,-0.732562131661585,-0.799586277079268,-0.0197305678106707,-0.196277998280732,-0.11074038234939,-0.768344333676829,-0.772050107640549,-0.720084370835366,-0.830240621158537,-0.771779386853659,-0.736182543945122,-0.0412185149990854,-0.136276217969817,-0.0442881244318293,-0.711251051371037,-0.754217744933841,0.0331059947859756,-0.744344606996341,-0.735301181887195,0.218914086693293,-0.781261235966463,-0.803776528140244,-0.00890170905603659,-0.820890990640244,-0.830418796158537,0.178539436441707
"Subject16",0.267870012874317,-0.0190320912704918,-0.109263929137978,-0.549097005270492,-0.373602069447541,-0.508890476919672,0.759136468103825,-0.0657894416967213,0.0496889973169399,-0.962442552814208,-0.950029182153005,-0.931770983308743,0.0832325840732241,0.00993037770174863,-0.0111987399993333,-0.556093861906284,-0.483299589201639,-0.691474249098361,-0.0275761524792623,-0.0765145531540984,0.087221753993306,-0.678601757327869,-0.525525791953689,-0.598555295964481,-0.0926790765915301,-0.0380383045822404,-0.0510758747038251,-0.632595838592896,-0.655825394243169,-0.681037129185519,-0.460997798152732,-0.498482352704918,-0.460997798152732,-0.498482352704918,-0.55727505610929,-0.524106775964317,-0.50163837087541,-0.539964702346448,-0.658227789617486,-0.660302935204918,-0.552400532215574,-0.409104414657213,-0.570909622587432,-0.549795659396994,-0.396606950686694,-0.517999326965027,-0.217950435368934,0.0304539145644809,0.0805806618591803,-0.578508409289372,-0.520343721777434,-0.66782853931694,-0.572716023907377,-0.478088846803771,-0.713698941142077,-0.0734768711508197,-0.239307545589891,-0.127801823230328,-0.60862663830082,-0.548514663604918,-0.56931355947459,-0.702182019915301,-0.518920584989344,-0.646626247896175,-0.034671828651776,-0.0525192173595628,-0.0358130968672131,-0.484396989430383,-0.58777777720765,0.124681528418415,-0.518092185780219,-0.535628359619262,0.181372775592514,-0.567795613145355,-0.603691682781421,0.0704087716178142,-0.66108005960847,-0.684043953202186,0.175849865481393
"Subject17",0.273167218141304,-0.0166133567134783,-0.105292944625875,-0.581102024709046,-0.440637741661413,-0.596791575374185,0.723295136793478,-0.0473863178511141,0.0443759942769022,-0.966592511331522,-0.947016543532609,-0.927212900923913,0.0720311131731522,0.0144170780567935,-0.00544250110883288,-0.587868496259239,-0.527679881165761,-0.762312084293478,-0.0233285981927989,-0.0811429633214674,0.0888947783721739,-0.691628682162228,-0.666378588337772,-0.668026283844837,-0.0986936325239946,-0.0416220550013587,-0.049507711923288,-0.678435079543478,-0.780189147978261,-0.713660610334239,-0.515470791630109,-0.548027814688044,-0.515470791630109,-0.548027814688044,-0.608678104910598,-0.566387784491304,-0.585823039584239,-0.620250690171196,-0.739532968714674,-0.758996423345109,-0.57682764068288,-0.466456727046196,-0.660929712807065,-0.584135674208967,-0.464475706248913,-0.5983292163625,-0.195996276238043,0.0400808296975543,0.0126764799789946,-0.600256394489674,-0.554754329743995,-0.744456611630435,-0.612438792283342,-0.530904227821495,-0.778852396929348,-0.0652583146930978,-0.249592705464946,-0.178409962765027,-0.630885730514946,-0.696680274328533,-0.626229244545652,-0.712764380139946,-0.655274583595109,-0.714354780842391,-0.0994598247896739,-0.159235913128533,-0.041187486262038,-0.533821066341033,-0.628162053762228,0.0740373677073913,-0.557305860529348,-0.58302392627163,0.114776480738505,-0.661383282296739,-0.661619193997283,-0.046744657253312,-0.761793379271739,-0.773697787994565,0.0788333543410326
"Subject19",0.277915974447222,-0.0169498465682861,-0.106563550724167,-0.525963482120278,-0.411626125929167,-0.645285364147222,0.733486746388889,0.0468140462236111,0.0713581666138531,-0.964685310194444,-0.940156437669444,-0.940421027166667,0.0779925519113889,0.00584253768644445,0.000744547553038889,-0.591295367650833,-0.519762929511389,-0.791323069805556,-0.020262434937,-0.0812994757725,0.0802339301127778,-0.706006353441667,-0.714327811944444,-0.622247124025,-0.104816991448611,-0.0488249047780556,-0.0499056964894444,-0.670536334752778,-0.787641380722222,-0.591374758575556,-0.4756520827565,-0.535507128346111,-0.4756520827565,-0.535507128346111,-0.603803142977778,-0.599970985597778,-0.605696639565,-0.663577195099722,-0.72108384275,-0.749112519166667,-0.5687142625425,-0.4515223554175,-0.699174204111111,-0.511379190395,-0.42929632003,-0.646070907322222,-0.219102999771944,0.0523378328975,-0.0252959648175556,-0.618152717762778,-0.559820313985944,-0.775358421388889,-0.600105557640556,-0.508672787195881,-0.805787949694444,-0.0936037185036111,-0.283806896024917,-0.182028791886667,-0.635435672765556,-0.7270449615,-0.557574213146028,-0.729772344166667,-0.710040673333333,-0.681765022166667,-0.06509782937175,-0.109519852128639,0.0571462136365278,-0.540161842811111,-0.606880878490556,0.0665628416125833,-0.586035604114833,-0.621738616563889,0.128907196368889,-0.683531198478889,-0.710775388123333,0.0240735348565556,-0.761861018138889,-0.751693209333333,0.0309692016974722
"Subject21",0.27163125485049,-0.0173979936092157,-0.114252434389706,-0.55477043840299,-0.43200089946473,-0.636934021482059,0.647345291985294,0.027573580789951,0.0610153199538235,-0.957749719387255,-0.952270123946078,-0.934909927892157,0.0834701649253186,0.00360147292041667,-0.0052052374620098,-0.581709453444118,-0.506292166531593,-0.725418757611961,-0.0394602741276225,-0.0748237069862745,0.0945729803333088,-0.686595742042892,-0.645713468754902,-0.633383794529657,-0.086070617423848,-0.0454682432506373,-0.053417738927451,-0.589119267134804,-0.687639132909314,-0.592737130857206,-0.501666733525466,-0.518967411747794,-0.501666733525466,-0.518967411747794,-0.585716189901961,-0.534935268757108,-0.584690294808922,-0.601920788678186,-0.652872834811275,-0.657981879212157,-0.556753454563725,-0.451832769010049,-0.660057247614461,-0.555728150594142,-0.458399706570024,-0.654959935518897,-0.223878660552206,0.0432129014455637,0.113769359896642,-0.598106396913971,-0.549024636599755,-0.708547330841422,-0.602613810845853,-0.493159460630882,-0.740953685938235,-0.0954220022256618,-0.268142257914216,-0.101323202594632,-0.58092606343799,-0.638470141661765,-0.563468587008824,-0.722034840321814,-0.654194816936274,-0.694924510375,0.00753398949551471,-0.0528505779420098,0.0657389860345588,-0.511944217141274,-0.599050501284314,0.0923858811716912,-0.52809552471348,-0.546799801123872,0.097494574517402,-0.605938393417157,-0.672046730664706,0.073604786652402,-0.667113603446078,-0.670563020760613,0.0771535709004902
"Subject22",0.273210378417445,-0.0185192808204673,-0.11291427277134,-0.510266254922741,-0.413152538805296,-0.458084570745016,0.70350578,-0.0015332236470405,0.0473030073763364,-0.958714926370717,-0.952295887299065,-0.926094443800623,0.0809919349227414,0.00132148568962617,-0.0104174101470405,-0.535091024485826,-0.509451664678193,-0.65407001717134,-0.0435093355487227,-0.0687016340068847,0.0955355256071651,-0.608657636414953,-0.576425490860125,-0.597677658968847,-0.0954255115935389,-0.037463296907134,-0.0634438021488474,-0.636711348220249,-0.642247031650903,-0.694834034760125,-0.440133648417134,-0.461599872725327,-0.440133648417134,-0.461599872725327,-0.544321762309439,-0.496408253843302,-0.481844263006231,-0.537099422739564,-0.659617966909657,-0.638886066365109,-0.517830600209657,-0.434246244397508,-0.51755980156053,-0.508384188060436,-0.440099202950156,-0.470967588190966,-0.273015357782243,0.00162388279688474,0.0366082404258879,-0.556831331916199,-0.539396664318598,-0.626146524986231,-0.554902518079439,-0.510562358231153,-0.680797313018692,-0.0878679312591371,-0.23939935603271,-0.194373354228069,-0.558262762320249,-0.563515801168224,-0.579940306557726,-0.627678503772586,-0.59025011273053,-0.642747644876635,-0.125179948154268,-0.094759582881028,-0.0727283734008411,-0.449746637436137,-0.554693204854829,0.0522765423883988,-0.488427696847726,-0.512445926220561,0.147280348159626,-0.566849235008318,-0.600336593275701,0.00206476510616854,-0.639151301175607,-0.665810967218692,0.135027647405763
"Subject23",0.27242353441129,-0.0186556633091935,-0.107550115277419,-0.646902815062097,-0.506586428142742,-0.608158727988172,0.687308257768817,0.0423871972925806,0.111388957355376,-0.963860839129032,-0.954379645376344,-0.941321501698925,0.0825296724073118,0.0054158589407043,-0.00892997657354839,-0.673580857052151,-0.615272447895699,-0.777570271734409,-0.0216169465037903,-0.0746397858876344,0.0734465339575269,-0.754233681346774,-0.693095426162097,-0.635487765684409,-0.0974223720715054,-0.0464109881876882,-0.0505258728869624,-0.788273873521505,-0.806851804930538,-0.779593018354839,-0.569871177121774,-0.640981020577151,-0.569871177121774,-0.640981020577151,-0.662796276435968,-0.676695921465054,-0.612005084293441,-0.692519825117473,-0.790111411021505,-0.825161881174731,-0.663944489900269,-0.540339882502688,-0.678159450815323,-0.642061903167204,-0.521715410383871,-0.604533764228226,-0.198173210458871,0.0316473757075269,0.0941144090003226,-0.688463725626344,-0.637255275428495,-0.760341828180914,-0.68788849094086,-0.618391945750538,-0.793836063147849,0.00825519760021506,-0.172175746091398,-0.0749671971034946,-0.722393160973118,-0.723833286934946,-0.646466540129839,-0.766118578819892,-0.681815351255645,-0.666791856422043,-0.103550157632957,-0.155772775411371,-0.0618360023099731,-0.623256717663441,-0.709059306978763,0.147086954199309,-0.654864331288978,-0.709624167145161,0.234911758743468,-0.735516910568817,-0.719176053973118,-0.0729192948371774,-0.818366267801344,-0.847123889932796,0.188933651311828
"Subject25",0.27088797898533,-0.0173289751240098,-0.102593436769046,-0.553241495389242,-0.352323779904988,-0.378399202738068,0.688887718036675,-0.0823672275215159,-0.0858672154621027,-0.948825653545232,-0.944880899770171,-0.924411407726161,0.0784127907931051,0.00469921324680196,-0.00432880814760636,-0.603808764111149,-0.537876679162347,-0.695230973809242,-0.0213047474322005,-0.08051944129511,0.0731551199905244,-0.705797548153301,-0.466921123920416,-0.455227490240098,-0.095110495396643,-0.0443051841432494,-0.0446678393948411,-0.758110200929095,-0.737731612156479,-0.657568568471394,-0.429912298269682,-0.467587979649389,-0.429912298269682,-0.467587979649389,-0.590101324705134,-0.576220030818802,-0.449082878853521,-0.519174448740831,-0.719706764173594,-0.755165599293399,-0.570886005654523,-0.418254391781565,-0.511290711672372,-0.547652660783252,-0.362145192351589,-0.361630426307311,-0.334768344477506,-0.112315751361125,-0.0937330388356968,-0.621036092920049,-0.557785762004157,-0.661601944783619,-0.621745013225917,-0.548083252572861,-0.728103999068704,-0.187838057545672,-0.319865587361858,-0.223061262325819,-0.672180847784841,-0.567853712105379,-0.480748582232763,-0.718788505146699,-0.419807043937824,-0.499763943046944,-0.224340254016626,-0.325997593607824,-0.179624862110513,-0.479675038663081,-0.545288532932029,-0.0354217382972861,-0.570010385185941,-0.587440302520782,0.123337575249144,-0.589589591188998,-0.557465823488802,-0.143763257771149,-0.748766338587677,-0.782160443709046,0.0710942877143765
"Subject26",0.279343552589286,-0.0155673602379847,-0.108357862581633,-0.600924681641071,-0.50768903209074,-0.679743447293367,0.717547973204082,0.0538676560943878,-0.011569967921352,-0.966410051964286,-0.955582046096939,-0.94002305847449,0.0761934408107143,0.00591851209874235,-0.00809965011325255,-0.660585075760204,-0.63144498623926,-0.823962815357143,-0.0238097136508418,-0.0803161934452041,0.0830539552520408,-0.721363193262755,-0.692606169323469,-0.700003070153061,-0.0979677332362245,-0.0453570885994133,-0.0568401732272959,-0.758771894795918,-0.848313058443877,-0.801642150438776,-0.553145825898367,-0.583053680305459,-0.553145825898367,-0.583053680305459,-0.680879910255536,-0.658697544725255,-0.620815525365051,-0.669410305728827,-0.810372966954337,-0.837966542959184,-0.624352129086735,-0.542875138447219,-0.729153438505102,-0.592891548305102,-0.521966098435077,-0.680911420579082,-0.199526462021939,0.0460725583970561,0.0390298700020153,-0.677719857118878,-0.64448125591301,-0.80427175965051,-0.673252443674617,-0.642725535143189,-0.842605328469388,-0.0137327482865893,-0.180619248124005,-0.0755254766915816,-0.692254583805867,-0.748641581402423,-0.70481435282398,-0.732604732862245,-0.666217234296429,-0.727454880612245,-0.125755822880383,-0.205521200540816,-0.0410355960810204,-0.592855382399617,-0.643715345423469,0.070382320403699,-0.647485400235459,-0.676440636632653,0.178012924889286,-0.726589721928571,-0.69019811002551,-0.121953430517374,-0.836481599464286,-0.85208048934949,0.115700462405179
"Subject27",0.276215980710106,-0.0166765448101862,-0.110817343361702,-0.678454563955585,-0.661327781246808,-0.622139273998138,0.703976440220745,-0.0590459221010638,0.0228487836143617,-0.974739915691489,-0.966666733484043,-0.953756060718085,0.0781118026029255,0.00935994232268351,0.000239933272327128,-0.735259791648936,-0.742478944132979,-0.774828148758245,-0.012504343696383,-0.0720424789026596,0.0734389077393617,-0.804782954308511,-0.818191184574468,-0.746988951579787,-0.107070179976755,-0.0413566785963032,-0.0540142057711968,-0.862225731196808,-0.873351473218085,-0.841845656861702,-0.630200146413271,-0.677494047047872,-0.630200146413271,-0.677494047047872,-0.732980991723404,-0.727940126210904,-0.727366948191489,-0.794173577632979,-0.864382688590426,-0.878630319441489,-0.709926679327394,-0.681560557255745,-0.674351163954043,-0.667674018673883,-0.673056908099734,-0.624734077798936,-0.229117599627394,-0.0242756440897872,0.0429053529636436,-0.751614322978723,-0.75564959675,-0.759697380215426,-0.741975949868032,-0.745738422464362,-0.788606118393617,-0.029487188524734,-0.175941174299947,-0.154893873066755,-0.795496634535638,-0.823237883244681,-0.765155544946808,-0.810034739255319,-0.817784347446809,-0.765589707859043,-0.140343412338564,-0.162557419831117,-0.058161382808484,-0.679775144702926,-0.727053021521543,0.059227128687234,-0.721516988634176,-0.737986634041755,0.232006824730957,-0.825041374468085,-0.810680697521277,-0.055460332406383,-0.876637152952128,-0.89003803337766,0.173265772288856
"Subject28",0.273589537507853,-0.0177823922252094,-0.108717714258822,-0.620729089933063,-0.578776164588691,-0.668470164444503,0.677586647094241,0.00764055943193717,0.0841260422945026,-0.970728941230366,-0.95904586421466,-0.947902118638743,0.0813441902704189,0.00907255895078534,0.00346507665131675,-0.692651294751309,-0.678099172786387,-0.819012221465969,-0.0144964147345654,-0.0802267978381623,0.0763223552028796,-0.764992146858639,-0.770342069528796,-0.727277931896073,-0.107540695131675,-0.0394237825593455,-0.0513884101276702,-0.793809893507853,-0.831243055759162,-0.813241212486911,-0.580777543682042,-0.645703771531152,-0.580777543682042,-0.645703771531152,-0.705963156603403,-0.703001892482461,-0.682103946750131,-0.754728124335079,-0.815953127696335,-0.829840932801047,-0.66257288866055,-0.612478377208822,-0.72618064560733,-0.606309986622513,-0.588407554741885,-0.664227279108639,-0.238713700250524,-0.0136918966921204,-0.0166427221593194,-0.725471992844241,-0.703110505251309,-0.808334944136126,-0.686977435597644,-0.673119648434031,-0.8283699,-0.0821421284437173,-0.181706841016361,-0.164032479027277,-0.735331856346859,-0.780562334816754,-0.733311802329843,-0.775788469558639,-0.766606266832461,-0.751054169793194,-0.104450018224634,-0.149963502837827,-0.0715898634402618,-0.655639305985079,-0.695676254575393,0.0138825720705393,-0.706419082982984,-0.701776709933508,0.208514234738848,-0.774586382434555,-0.785697457827225,-0.0320359879182984,-0.833732032408377,-0.837897228664921,0.193367029930367
"Subject29",0.269876726156977,-0.0181751958273285,-0.119568745900517,-0.556201806572413,-0.487617145573692,-0.635477089129361,0.484618694767442,0.0547996229680233,0.137927460198343,-0.958448132383721,-0.960308279302326,-0.94196948502907,0.0775948417252616,0.0116250830008184,-0.00225975671470349,-0.551350318844738,-0.552328940452326,-0.691743957089244,-0.0392131465619198,-0.0705135645331395,0.0900468522726744,-0.622306151358139,-0.628611246284041,-0.631236459151453,-0.0894893444360465,-0.0381068855209419,-0.0569426634611047,-0.601937086623256,-0.713099568763372,-0.672838826887703,-0.512413722907238,-0.583856985043808,-0.512413722907238,-0.583856985043808,-0.556827865164244,-0.58371192594157,-0.532333415487209,-0.593944245571221,-0.668814766066279,-0.713382167044477,-0.568783997602064,-0.502137205085814,-0.632213359367006,-0.552434548564244,-0.512943853569913,-0.668422463835465,-0.204057134936,0.093452118302093,0.182079608600814,-0.574402891519942,-0.578985397899128,-0.66630499565407,-0.567940583729942,-0.55346063301186,-0.715933390027878,0.000816618234011627,-0.15760954010564,-0.000958441794921511,-0.533667110986628,-0.625133204547674,-0.585937168182035,-0.651911600075465,-0.635586064259302,-0.682468351386628,-0.0151254677594767,-0.165753671662529,-0.0193433152797384,-0.537962718076948,-0.678395560090116,0.150660697124709,-0.556626458233779,-0.624823939531395,0.236257116223547,-0.620431582638663,-0.648815215356105,0.0131202037523256,-0.706830336630814,-0.743545192031977,0.148955256047965
"Subject30",0.27761051097389,-0.0179827169452219,-0.108419682460052,-0.65200241232376,-0.536511586911775,-0.64944498818799,0.633124647718016,-0.0534124981879896,0.0763395996396867,-0.964711392219321,-0.96738260310705,-0.951052529399478,0.0826096208091384,0.00321245649244439,-0.011261328514752,-0.681174855733577,-0.643344462760034,-0.768619476566736,-0.0282235511490339,-0.0782989712334987,0.0849414084,-0.780749161501305,-0.751337759112272,-0.682631718506057,-0.10028107943812,-0.0407700502844648,-0.0530595826906005,-0.778149376845953,-0.805114704830287,-0.800600006657963,-0.596061213023238,-0.638025490877285,-0.596061213023238,-0.638025490877285,-0.684869540075457,-0.659505739407833,-0.673499454785901,-0.74380643307624,-0.795965526005222,-0.81251236616188,-0.67458872332846,-0.56684920008564,-0.689742455981462,-0.644549222057441,-0.550465339183812,-0.655856049722454,-0.240510217537598,0.0132875059989191,0.0289686661534386,-0.698932275148303,-0.657764053032376,-0.75333912465953,-0.691749180241253,-0.65276318383107,-0.782530664670601,0.00610140367279373,-0.19772448742376,-0.129519741333446,-0.734276456579634,-0.745506543480418,-0.691189138616188,-0.79645370810705,-0.757911283342037,-0.710920625404961,-0.123204872270235,-0.209891485751175,-0.0439088261955614,-0.636756996114882,-0.695553394360574,0.046707778187859,-0.659486415044961,-0.663029080644125,0.206270979799164,-0.761208113420366,-0.777391669326371,-0.0432837891571802,-0.815071682167102,-0.823815047415144,0.157030496674047
"Subject2",0.274439828923179,-0.0168061732541523,-0.108668255487417,-0.517939944937517,-0.465126715839503,-0.634719495932119,0.590246065364238,0.0505410507205298,0.23919816586394,-0.956432993410596,-0.956837161467219,-0.937237466062914,0.0793191548920861,0.0154943686960927,-0.00767921245559603,-0.559525096664901,-0.536229243564901,-0.745548141622517,-0.00699415614847682,-0.0961055865854305,0.0805087108384106,-0.681913702451325,-0.770636044238411,-0.635364233254967,-0.109868892571556,-0.0385472333886755,-0.0584891977849669,-0.693487711205298,-0.850930379437086,-0.727123218910596,-0.475037336590464,-0.573890421235828,-0.475037336590464,-0.573890421235828,-0.586202044321192,-0.565881204712285,-0.618680213623841,-0.662346578336755,-0.782321564768212,-0.817256608642384,-0.569999157030132,-0.482544927861589,-0.668417139400662,-0.499650329749007,-0.491028501819868,-0.646044020375828,-0.194869096526222,0.0574490974462252,0.0886186445089073,-0.580048704145364,-0.550916920286424,-0.723576470695364,-0.578026718984934,-0.552928765595338,-0.766555499900662,0.0513882991349338,-0.157869550955629,-0.0486316986728477,-0.621859269860927,-0.778103932980132,-0.623321988483444,-0.702132123956954,-0.768668910993378,-0.673701321215232,-0.137624537399901,-0.176825910716821,-0.0339087766088742,-0.550059296284768,-0.656710380535762,0.126769879286993,-0.560945526478808,-0.576358241674172,0.180092267007947,-0.714939775066225,-0.687359492486755,-0.0915537249897351,-0.820844185463576,-0.827257551125828,0.161551296679801
"Subject4",0.275881275694006,-0.0185701101782019,-0.108733712408233,-0.674452098850789,-0.598612502046372,-0.515720222329969,0.621934836340694,0.0413085594731861,0.100454602518612,-0.966528733943218,-0.964558264416404,-0.937610607570978,0.0787240949343533,0.0156900788725394,-0.0076273369519306,-0.65403156585205,-0.655971014670347,-0.637799632114543,-0.03141150416653,-0.0806254573395899,0.0840882614307571,-0.785031524479495,-0.533562558173502,-0.663831368294322,-0.0945531041223975,-0.0426414560911672,-0.061400535921388,-0.756400977570978,-0.566314657386435,-0.764599481104101,-0.595106224288013,-0.615607595992681,-0.595106224288013,-0.615607595992681,-0.629680822135016,-0.601017445726498,-0.59169340900511,-0.567168778606309,-0.648421829714511,-0.587875366476467,-0.650575409570032,-0.606192756870662,-0.548206633687697,-0.685594575528391,-0.621224448559811,-0.538461685235016,-0.193729926309716,0.0453891171559464,0.116979301877918,-0.665577338416404,-0.667972856148896,-0.620426094825237,-0.674095702248896,-0.667899334781073,-0.655604339019874,0.045262269162776,-0.107869956954132,-0.0811265129116719,-0.723025606526814,-0.537535909807256,-0.665218261417035,-0.805673666473186,-0.536702320110095,-0.695287990028391,-0.0134064364320189,-0.0601958254611987,0.0132073093022082,-0.581413064015457,-0.698135799209148,0.123211331050158,-0.589521101470663,-0.619292963808517,0.21847019141918,-0.56246528423123,-0.65072972683817,0.154773595384227,-0.604625145114826,-0.597666060984858,0.158856734349842
"Subject9",0.274979076995139,-0.0207759603306597,-0.111328108353819,-0.668864530777778,-0.495600545380347,-0.572702429905903,0.727805375902778,0.00129353673263889,0.204654276861458,-0.948520706805556,-0.905351920451389,-0.901854817083333,0.0749851117830903,0.0136316382162847,0.00182789798558681,-0.735207359986111,-0.692971981917708,-0.789338707987153,-0.00334902093680556,-0.0819023152127431,0.0877694352244097,-0.696105010854167,-0.69905608553125,-0.676672512494444,-0.109053410195069,-0.0395245065355208,-0.0581281307468403,-0.758028882326389,-0.826778659364583,-0.805554203472222,-0.542945064159722,-0.617931508225694,-0.542945064159722,-0.617931508225694,-0.723704863989583,-0.717612334972222,-0.594600172620139,-0.662352964007639,-0.797738860298611,-0.817286700385417,-0.689166884092014,-0.562689471503472,-0.651575080456597,-0.662736588742708,-0.496414722464687,-0.567616674443993,-0.285351997234722,-0.0740765849350694,-0.0356958396655903,-0.739977325761458,-0.703131530392014,-0.769209230513889,-0.754840787486111,-0.70388239540625,-0.808290771449653,-0.0902575269288194,-0.293542236999132,-0.223083435827674,-0.667725986256944,-0.73358964478125,-0.686168454190278,-0.708333851375,-0.685383074350694,-0.704066605775347,-0.170181939999306,-0.2953524150875,-0.137683155404514,-0.637507761954861,-0.669644582552431,0.0100621016624653,-0.709153137194444,-0.731059915399306,0.170581269854896,-0.710342827170139,-0.693905785173958,-0.147589583325764,-0.814394972006944,-0.83504378934375,0.0873900515177778
"Subject10",0.267236052506463,-0.015840094490102,-0.10475650144898,-0.761840432472789,-0.625893020841156,-0.71080889670068,0.551485992346939,0.140563755901361,0.234781310831395,-0.955699741462585,-0.930848088244898,-0.900028347343537,0.0858571556363265,0.00809719958431973,-0.0108495026078707,-0.817739185748299,-0.761281379115646,-0.866144453095238,-0.0051850950670068,-0.0865879178070748,0.0982188478687075,-0.751206716908163,-0.794072657346939,-0.792060142244898,-0.104832925856463,-0.0407453271611224,-0.0559213209774422,-0.803307330034014,-0.905768849285714,-0.853665336462585,-0.662118540122449,-0.718335062180272,-0.662118540122449,-0.718335062180272,-0.806742903707483,-0.802074060510204,-0.696952886230952,-0.746785242005782,-0.866340838843537,-0.885015255306122,-0.78277620547619,-0.670734700734694,-0.778124670918367,-0.754727179221769,-0.627982596894558,-0.700736568781973,-0.255453192836054,-0.04177626364,0.0154454538361531,-0.824078312653061,-0.777426981598639,-0.856927641734694,-0.827756725442177,-0.759906378761905,-0.874102684047619,-0.0389087521571429,-0.240295751239184,-0.130314323214388,-0.735256038085034,-0.838865494897959,-0.788948446462585,-0.758725370030612,-0.773253633639456,-0.81245148377551,-0.126426668655544,-0.283246939423095,-0.0639810283461224,-0.742317961482993,-0.75104244342517,0.00414942664965986,-0.801567171836735,-0.804215406632653,0.201643368073844,-0.796239503333333,-0.759761798408163,-0.161116683605034,-0.888363993945578,-0.88895596537415,0.115092524352177
"Subject12",0.2777136460625,-0.0177595168713719,-0.109648265900625,-0.57503071980625,-0.541343444515312,-0.67592798584375,0.72491286259375,0.04290864396875,0.184872897630418,-0.97283885771875,-0.958795848946875,-0.95383637778125,0.080831466808125,0.0067614348089375,-0.0076398566861875,-0.644228100447813,-0.643325355274378,-0.7599027315,-0.02093385494625,-0.0814956428466875,0.0835641671735937,-0.739433881134375,-0.779805813125,-0.672342799446875,-0.097467470660875,-0.0400440800285312,-0.054168655098125,-0.70071578984625,-0.81912305528125,-0.747348642,-0.556202509521562,-0.574086516334375,-0.556202509521562,-0.574086516334375,-0.66103132603125,-0.642353109705625,-0.660970634034375,-0.723792012294687,-0.77603505009375,-0.7978400458125,-0.609383088249687,-0.569541878475625,-0.698438248171875,-0.563189865778125,-0.556706515084063,-0.68989996546875,-0.22251570727625,0.0221549781846875,0.112142182103438,-0.663221354974687,-0.663747666449375,-0.750459225875,-0.65676731287375,-0.64541237050125,-0.76830556740625,-0.039805316409375,-0.201950478391406,-0.117340636893438,-0.667023050653125,-0.776999948375,-0.656880995815625,-0.763060974890625,-0.783746526,-0.70838608734375,-0.0332889501809375,-0.0811415490060937,-0.0143648020078125,-0.586789573819062,-0.634089845850938,0.0882691727465,-0.64377394851875,-0.643910705995625,0.174470963166875,-0.74345450146875,-0.75870045195625,-0.00355843611984687,-0.80350103315625,-0.804835011625,0.138376588643378
"Subject13",0.277461965749235,-0.0168882487598315,-0.111658410370948,-0.611224266917431,-0.577147800842813,-0.638788870519878,0.594186103914373,0.0268280817278287,0.132434644115596,-0.973221608379205,-0.970946087981651,-0.957437177859327,0.0767519762929664,0.00574023955944648,-0.00537101098715596,-0.656065974612844,-0.626815068889449,-0.752169975963303,-0.0646292198816208,-0.0534537686129664,0.114908714952905,-0.764611793299694,-0.773075492201835,-0.627072778351682,-0.0884965120085535,-0.0462410765397248,-0.0600099897590214,-0.793311496238532,-0.813110801620795,-0.750320818807339,-0.573754346174618,-0.632371683070336,-0.573754346174618,-0.632371683070336,-0.657682654396024,-0.650767727096024,-0.651497074853517,-0.719190473430581,-0.796254138287462,-0.812451754758716,-0.634588162420795,-0.589457041074924,-0.674988792348624,-0.604024189544343,-0.599088239131498,-0.649372292269113,-0.20013964752263,0.0801051378206116,0.122437983731193,-0.672131389863914,-0.6496103799263,-0.734999074180428,-0.670231291299694,-0.627703547151376,-0.767974908685015,-0.0522223774028135,-0.148528343032416,-0.0996363424840979,-0.733278026103976,-0.765379658094495,-0.659842682143731,-0.776604661779816,-0.780905705810398,-0.653456853116208,-0.100442032518287,-0.0379441794069725,-0.0257847427660398,-0.619496218574924,-0.697888485610703,0.17246409038367,-0.642287745177064,-0.66413289481529,0.221231054344954,-0.75474436382263,-0.745833202510703,0.018334956871529,-0.812953436131499,-0.825135647470948,0.185225326335352
"Subject18",0.27817025967033,-0.0190408993832692,-0.109177557142308,-0.650231403487912,-0.576771657691209,-0.690710490027473,0.60996746032967,-0.141045670857143,-0.0437026709123626,-0.974219378489011,-0.961262282252747,-0.948715260521978,0.0828921084563187,0.0139680451924725,0.000581288727950548,-0.682468231895055,-0.653532479717033,-0.802136361373626,-0.0633932101768407,-0.0478935027540082,0.100497485026099,-0.743246442817582,-0.743328516634615,-0.676255727439286,-0.0878799805626374,-0.0448383824558517,-0.0603963405659066,-0.722213610258242,-0.82539772489011,-0.769688587362637,-0.612572282342033,-0.638720840514011,-0.612572282342033,-0.638720840514011,-0.691068049159341,-0.689392569246429,-0.653024916083517,-0.712822669109066,-0.790245179714286,-0.80567202,-0.656245891835165,-0.587690554203846,-0.719120971766483,-0.648661373021978,-0.598228590751044,-0.700762836565934,-0.218151744133791,-0.0620334006101648,0.0271248451483516,-0.689085438078846,-0.672820035588187,-0.780884462107143,-0.704736829260989,-0.656452323718956,-0.822356413736264,-0.0354190163489011,-0.273424189501624,-0.122656466005632,-0.677242261043956,-0.748870670851648,-0.677024884649176,-0.765019158269231,-0.742987925302198,-0.70709287893956,-0.147505926382637,-0.269285886737637,-0.0786887665242582,-0.631399956793956,-0.699594117041484,0.0240019679200824,-0.678033124872802,-0.706841493623626,0.174148513318407,-0.739045879259341,-0.74580892757967,-0.119697115870577,-0.807115508296703,-0.817989017225275,-0.00284625071104396
"Subject20",0.278346782850282,-0.0187775560463842,-0.109270932524576,-0.567803963207627,-0.587786685412458,-0.599286999662994,0.688294306892655,0.104437975371751,0.196140386926667,-0.972629364887006,-0.963814183587571,-0.93980077039548,0.0768505747543503,0.00916049865299435,-0.00311643827708757,-0.616899906187655,-0.627623476999943,-0.788749183841808,-0.013772933573178,-0.085505182561017,0.0895998795638136,-0.728706722457345,-0.631627862646893,-0.70027687580791,-0.100232369060989,-0.045934347654661,-0.0536863401183616,-0.729695089389831,-0.849340081638418,-0.766228225056497,-0.545798535267514,-0.571637473916102,-0.545798535267514,-0.571637473916102,-0.657453522222599,-0.614487210488136,-0.593703210013898,-0.650173996321186,-0.797365849858757,-0.836122848079096,-0.572713381915339,-0.577778607332203,-0.672739814265537,-0.566565185222881,-0.620632306087373,-0.596133129444068,-0.167757299675989,0.122420089793559,0.0856850662743785,-0.622738492130791,-0.63391905805226,-0.76256791220339,-0.646312104700282,-0.647591491637006,-0.81423663779661,0.00771296203525424,-0.0876497219042938,-0.0115653928067797,-0.678028711919209,-0.730427241666667,-0.679549709138418,-0.747070767676554,-0.587183659900847,-0.735618965781356,-0.00506516644522599,-0.250076944860452,0.0118233189734746,-0.581040216311864,-0.633510518821751,0.160830821151017,-0.602667609249633,-0.632224979966949,0.225634461271319,-0.717789368967797,-0.668835688341045,-0.0448946318645198,-0.836136389491525,-0.848121683050847,0.208496024660593
"Subject24",0.276307873371391,-0.0175890542523097,-0.105917381298425,-0.613987174603675,-0.516793034320997,-0.520493964211864,0.695396578871391,0.0518814348234698,0.18497
